Timestamp,Model,Duration_s,Latency_s,RTF,WER,CER,LoadTime_s,PeakMemory_MB,Reference,Transcription
2026-01-12 18:09:40,Faster-Whisper,59.352,37.35,0.629,0.0,0.0115,3.45,3053.98,"Healthy eating habits combined with regular physical exercise are essential for maintaining a strong immune system and preventing chronic diseases that can affect our quality of life. The rapid advancement of artificial intelligence has transformed industries, allowing for automation and efficiency that was previously unimaginable in the modern world of technology and innovation. Throughout history, architecture has served as a reflection of society's values, technological advancements, and artistic aspirations. Art and music have the power to evoke deep emotions, transcend cultural barriers, and bring people together in a shared experience of beauty and artistic expression. Artificial intelligence is poised to revolutionize healthcare by enabling more accurate diagnoses, personalized treatment plans, and the accelerated discovery of new drugs. Climate change represents one of the most significant challenges of our time, requiring global cooperation and immediate action to mitigate its devastating effects on our planet's ecosystem.","Healthy eating habits combined with regular physical exercise are essential for maintaining  a strong immune system and preventing chronic diseases that can affect our quality of life.  The rapid advancement of artificial intelligence has transformed industries,  allowing for automation and efficiency that was previously unimaginable in the  modern world of technology and innovation. Throughout history, architecture has served  as a reflection of society's values, technological advancements, and artistic aspirations.  Art and music have the power to evoke deep emotions, transcend cultural barriers,  and bring people together in a shared experience of beauty and artistic expression.  Artificial intelligence is poised to revolutionize healthcare by enabling more accurate  diagnoses, personalized treatment plans, and the accelerated discovery of new drugs.  Climate change represents one of the most significant challenges of our time,  requiring global cooperation and immediate action to mitigate its devastating effects  on our planet's ecosystem."
2026-01-12 18:10:42,WhisperX,59.352,25.085,0.423,0.0,0.001,3.07,2992.77,"Healthy eating habits combined with regular physical exercise are essential for maintaining a strong immune system and preventing chronic diseases that can affect our quality of life. The rapid advancement of artificial intelligence has transformed industries, allowing for automation and efficiency that was previously unimaginable in the modern world of technology and innovation. Throughout history, architecture has served as a reflection of society's values, technological advancements, and artistic aspirations. Art and music have the power to evoke deep emotions, transcend cultural barriers, and bring people together in a shared experience of beauty and artistic expression. Artificial intelligence is poised to revolutionize healthcare by enabling more accurate diagnoses, personalized treatment plans, and the accelerated discovery of new drugs. Climate change represents one of the most significant challenges of our time, requiring global cooperation and immediate action to mitigate its devastating effects on our planet's ecosystem.","Healthy eating habits combined with regular physical exercise are essential for maintaining a strong immune system and preventing chronic diseases that can affect our quality of life. The rapid advancement of artificial intelligence has transformed industries, allowing for automation and efficiency that was previously unimaginable in the modern world of technology and innovation. Throughout history, architecture has served as a reflection of society's values, technological advancements, and artistic aspirations.  Art and music have the power to evoke deep emotions, transcend cultural barriers, and bring people together in a shared experience of beauty and artistic expression. Artificial intelligence is poised to revolutionize healthcare by enabling more accurate diagnoses, personalized treatment plans, and the accelerated discovery of new drugs. Climate change represents one of the most significant challenges of our time, requiring global cooperation and immediate action to mitigate its devastating effects on our planet's ecosystem."
2026-01-12 18:11:13,whisper.cpp,59.353,11.224,0.189,0.0208,0.0096,0.0,2372.7,"Healthy eating habits combined with regular physical exercise are essential for maintaining a strong immune system and preventing chronic diseases that can affect our quality of life. The rapid advancement of artificial intelligence has transformed industries, allowing for automation and efficiency that was previously unimaginable in the modern world of technology and innovation. Throughout history, architecture has served as a reflection of society's values, technological advancements, and artistic aspirations. Art and music have the power to evoke deep emotions, transcend cultural barriers, and bring people together in a shared experience of beauty and artistic expression. Artificial intelligence is poised to revolutionize healthcare by enabling more accurate diagnoses, personalized treatment plans, and the accelerated discovery of new drugs. Climate change represents one of the most significant challenges of our time, requiring global cooperation and immediate action to mitigate its devastating effects on our planet's ecosystem.","Healthy eating habits combined with regular physical exercise are essential for maintaining a strong immune system and preventing chronic diseases that can affect our quality of life. The rapid advancement of artificial intelligence has transformed industries, allowing for automation and efficiency that was previously unimaginable in the modern world of technology and innovation. Throughout history, architecture has served as a reflection of society's values, technological advancements, and artistic aspirations. Architects have the power to evoke deep emotions, transcend cultural barriers, and bring people together in a shared experience of beauty and artistic expression. Artificial intelligence is poised to revolutionize healthcare by enabling more accurate diagnoses, personalized treatment plans, and the accelerated discovery of new drugs. Climate change represents one of the most significant challenges of our time, requiring global cooperation and immediate action to mitigate its devastating effects on our planet's ecosystem."
2026-01-12 18:17:17,Faster-Whisper,118.416,77.574,0.655,0.0868,0.0958,3.71,3304.98,"Artificial intelligence is poised to revolutionize healthcare by enabling more accurate diagnoses, personalized treatment plans, and the accelerated discovery of new drugs. Art and music have the power to evoke deep emotions, transcend cultural barriers, and bring people together in a shared experience of beauty and artistic expression. The history of civilization is filled with stories of triumph and tragedy, teaching us valuable lessons about resilience, culture, and the enduring spirit of the human race. Climate change represents one of the most significant challenges of our time, requiring global cooperation and immediate action to mitigate its devastating effects on our planet's ecosystem. In the heart of the bustling city, amidst the cacophony of traffic and the endless sea of people, there lies a hidden park that offers a sanctuary of peace and tranquility. Healthy eating habits combined with regular physical exercise are essential for maintaining a strong immune system and preventing chronic diseases that can affect our quality of life. The study of psychology offers profound insights into the human mind, exploring the complex interplay between biological factors, environmental influences, and personal experiences. Reading books is a timeless activity that expands our knowledge, improves vocabulary, and transports us to different worlds, fostering creativity and empathy in readers of all ages. Reading books is a timeless activity that expands our knowledge, improves vocabulary, and transports us to different worlds, fostering creativity and empathy in readers of all ages. Renewable energy technologies, such as solar panels and wind turbines, have seen dramatic improvements in efficiency and cost-effectiveness in recent years. Exploring the vastness of space has always been a dream for humanity, driving us to develop new technologies and push the boundaries of what is scientifically possible. Art and music have the power to evoke deep emotions, transcend cultural barriers, and bring people together in a shared experience of beauty and artistic expression.","Artificial intelligence is poised to revolutionize healthcare by enabling more accurate diagnoses,  personalized treatment plans, and the accelerated discovery of new drugs.  Art and music have the power to evoke deep emotions, transcend cultural barriers,  and bring people together in a shared experience of beauty and artistic expression.  The history of civilization is filled with stories of triumph and tragedy,  teaching us valuable lessons about resilience, culture, and the enduring spirit of the human  race. Climate change represents one of the most significant challenges of our time,  requiring global cooperation and immediate action to mitigate its devastating effects  on our planet's ecosystem. In the heart of the bustling city, amidst the cacophony of traffic  and the endless sea of people, there lies a hidden park that offers a sanctuary of peace and  tranquility. Healthy eating habits combined with regular physical exercise are essential for  maintaining a strong immune system and preventing chronic diseases that can affect our quality of  life. The study of psychology offers profound insights into the human mind, exploring the  complex interplay between biological factors, environmental influences, and personal experiences.  Reading books is a timeless activity that expands our knowledge, improves vocabulary,  and transports us to different worlds, fostering creativity and empathy in readers of all ages.  Renewable energy technologies, such as solar panels and wind turbines,  have seen dramatic improvements in efficiency and cost-effectiveness in recent years.  Exploring the vastness of space has always been a dream for humanity,  driving us to develop new technologies and push the boundaries of what is scientifically possible.  Art and music have the power to evoke deep emotions, transcend cultural barriers,  and bring people together in a shared experience of beauty and artistic expression."
2026-01-12 18:19:37,WhisperX,118.416,55.803,0.471,0.0,0.0019,3.3,3303.0,"Artificial intelligence is poised to revolutionize healthcare by enabling more accurate diagnoses, personalized treatment plans, and the accelerated discovery of new drugs. Art and music have the power to evoke deep emotions, transcend cultural barriers, and bring people together in a shared experience of beauty and artistic expression. The history of civilization is filled with stories of triumph and tragedy, teaching us valuable lessons about resilience, culture, and the enduring spirit of the human race. Climate change represents one of the most significant challenges of our time, requiring global cooperation and immediate action to mitigate its devastating effects on our planet's ecosystem. In the heart of the bustling city, amidst the cacophony of traffic and the endless sea of people, there lies a hidden park that offers a sanctuary of peace and tranquility. Healthy eating habits combined with regular physical exercise are essential for maintaining a strong immune system and preventing chronic diseases that can affect our quality of life. The study of psychology offers profound insights into the human mind, exploring the complex interplay between biological factors, environmental influences, and personal experiences. Reading books is a timeless activity that expands our knowledge, improves vocabulary, and transports us to different worlds, fostering creativity and empathy in readers of all ages. Reading books is a timeless activity that expands our knowledge, improves vocabulary, and transports us to different worlds, fostering creativity and empathy in readers of all ages. Renewable energy technologies, such as solar panels and wind turbines, have seen dramatic improvements in efficiency and cost-effectiveness in recent years. Exploring the vastness of space has always been a dream for humanity, driving us to develop new technologies and push the boundaries of what is scientifically possible. Art and music have the power to evoke deep emotions, transcend cultural barriers, and bring people together in a shared experience of beauty and artistic expression.","Artificial intelligence is poised to revolutionize healthcare by enabling more accurate diagnoses, personalized treatment plans, and the accelerated discovery of new drugs. Art and music have the power to evoke deep emotions, transcend cultural barriers, and bring people together in a shared experience of beauty and artistic expression. The history of civilization is filled with stories of triumph and tragedy, teaching us valuable lessons about resilience, culture, and the enduring spirit of the human race.  Climate change represents one of the most significant challenges of our time, requiring global cooperation and immediate action to mitigate its devastating effects on our planet's ecosystem. In the heart of the bustling city, amidst the cacophony of traffic and the endless sea of people, there lies a hidden park that offers a sanctuary of peace and tranquility. Healthy eating habits combined with regular physical exercise are essential for maintaining a strong immune system and preventing chronic diseases that can affect our quality of life.  The study of psychology offers profound insights into the human mind, exploring the complex interplay between biological factors, environmental influences, and personal experiences. Reading books is a timeless activity that expands our knowledge, improves vocabulary, and transports us to different worlds, fostering creativity and empathy in readers of all ages.  Reading books is a timeless activity that expands our knowledge, improves vocabulary, and transports us to different worlds, fostering creativity and empathy in readers of all ages. Renewable energy technologies, such as solar panels and wind turbines, have seen dramatic improvements in efficiency and cost-effectiveness in recent years. Exploring the vastness of space has always been a dream for humanity, driving us to develop new technologies and push the boundaries of what is scientifically possible.  Art and music have the power to evoke deep emotions, transcend cultural barriers, and bring people together in a shared experience of beauty and artistic expression."
2026-01-12 18:21:38,whisper.cpp,118.417,18.779,0.159,0.0997,0.0949,0.0,2550.62,"Artificial intelligence is poised to revolutionize healthcare by enabling more accurate diagnoses, personalized treatment plans, and the accelerated discovery of new drugs. Art and music have the power to evoke deep emotions, transcend cultural barriers, and bring people together in a shared experience of beauty and artistic expression. The history of civilization is filled with stories of triumph and tragedy, teaching us valuable lessons about resilience, culture, and the enduring spirit of the human race. Climate change represents one of the most significant challenges of our time, requiring global cooperation and immediate action to mitigate its devastating effects on our planet's ecosystem. In the heart of the bustling city, amidst the cacophony of traffic and the endless sea of people, there lies a hidden park that offers a sanctuary of peace and tranquility. Healthy eating habits combined with regular physical exercise are essential for maintaining a strong immune system and preventing chronic diseases that can affect our quality of life. The study of psychology offers profound insights into the human mind, exploring the complex interplay between biological factors, environmental influences, and personal experiences. Reading books is a timeless activity that expands our knowledge, improves vocabulary, and transports us to different worlds, fostering creativity and empathy in readers of all ages. Reading books is a timeless activity that expands our knowledge, improves vocabulary, and transports us to different worlds, fostering creativity and empathy in readers of all ages. Renewable energy technologies, such as solar panels and wind turbines, have seen dramatic improvements in efficiency and cost-effectiveness in recent years. Exploring the vastness of space has always been a dream for humanity, driving us to develop new technologies and push the boundaries of what is scientifically possible. Art and music have the power to evoke deep emotions, transcend cultural barriers, and bring people together in a shared experience of beauty and artistic expression.","Artificial intelligence is poised to revolutionize healthcare by enabling more accurate diagnoses, personalized treatment plans, and the accelerated discovery of new drugs. Art and music have the power to evoke deep emotions, transcend cultural barriers, and bring people together in a shared experience of beauty and artistic expression. The history of civilization is filled with stories of triumph and tragedy, teaching us valuable lessons about resilience, culture, and the enduring spirit of the human race. Climate change represents one of the most significant challenges of our time, requiring global cooperation and immediate action to mitigate its devastating effects on our planet's ecosystem. In the heart of the bustling city, amidst the cacophony of traffic and the endless sea of people, there lies a hidden park that offers a sanctuary of peace and tranquility. Healthy eating habits combined with regular physical exercise are essential for maintaining a strong immune system and preventing chronic diseases that can affect our quality of life. Ecology offers profound insights into the human mind, exploring the complex interplay between biological factors, environmental influences, and personal experiences. Reading books is a timeless activity that expands our knowledge, improves vocabulary, and transports us to different worlds, fostering creativity and empathy in readers of all ages. Renewable energy technologies, such as solar panels and wind turbines, have seen dramatic improvements in efficiency and cost-effectiveness in recent years. Exploring the vastness of space has always been a dream for humanity, driving us to develop new technologies and push the boundaries of what is scientifically possible. Art and music have the power to evoke deep emotions, transcend cultural barriers, and bring people together in a shared experience of beauty and artistic expression."
2026-01-12 18:33:18,Faster-Whisper,173.856,124.477,0.716,0.0044,0.0119,3.72,3187.25,"Globalization has interconnected the world in unprecedented ways, facilitating the exchange of goods, services, and ideas across international borders. Sustainable energy sources such as solar and wind power are becoming increasingly important as we strive to reduce our carbon footprint and preserve the environment for future generations. The history of civilization is filled with stories of triumph and tragedy, teaching us valuable lessons about resilience, culture, and the enduring spirit of the human race. The history of civilization is filled with stories of triumph and tragedy, teaching us valuable lessons about resilience, culture, and the enduring spirit of the human race. The rapid advancement of artificial intelligence has transformed industries, allowing for automation and efficiency that was previously unimaginable in the modern world of technology and innovation. The history of civilization is filled with stories of triumph and tragedy, teaching us valuable lessons about resilience, culture, and the enduring spirit of the human race. Throughout history, architecture has served as a reflection of society's values, technological advancements, and artistic aspirations. The oceanic depths remain one of the least explored frontiers on Earth, housing a diverse array of marine life that thrives in extreme conditions of pressure and darkness. The internet has revolutionized communication, connecting people from all corners of the globe and making information accessible to anyone with a computer or a smartphone. Exploring the vastness of space has always been a dream for humanity, driving us to develop new technologies and push the boundaries of what is scientifically possible. In the heart of the bustling city, amidst the cacophony of traffic and the endless sea of people, there lies a hidden park that offers a sanctuary of peace and tranquility. Renewable energy technologies, such as solar panels and wind turbines, have seen dramatic improvements in efficiency and cost-effectiveness in recent years. Globalization has interconnected the world in unprecedented ways, facilitating the exchange of goods, services, and ideas across international borders. Climate change represents one of the most significant challenges of our time, requiring global cooperation and immediate action to mitigate its devastating effects on our planet's ecosystem. Art and music have the power to evoke deep emotions, transcend cultural barriers, and bring people together in a shared experience of beauty and artistic expression. The internet has revolutionized communication, connecting people from all corners of the globe and making information accessible to anyone with a computer or a smartphone. Reading books is a timeless activity that expands our knowledge, improves vocabulary, and transports us to different worlds, fostering creativity and empathy in readers of all ages. The rapid advancement of artificial intelligence has transformed industries, allowing for automation and efficiency that was previously unimaginable in the modern world of technology and innovation.","Globalization has interconnected the world in unprecedented ways,  facilitating the exchange of goods, services, and ideas across international borders.  Sustainable energy sources such as solar and wind power are becoming increasingly  important as we strive to reduce our carbon footprint and preserve the environment for  future generations. The history of civilization is filled with stories of triumph and tragedy,  teaching us valuable lessons about resilience, culture, and the enduring spirit of the human  race. The history of civilization is filled with stories of triumph and tragedy, teaching us  valuable lessons about resilience, culture, and the enduring spirit of the human race.  The rapid advancement of artificial intelligence has transformed industries,  allowing for automation and efficiency that was previously unimaginable in the modern world of  technology and innovation. The history of civilization is filled with stories of  triumph and tragedy, teaching us valuable lessons about resilience, culture, and the enduring  spirit of the human race. Throughout history, architecture has served as a reflection of  society's values, technological advancements, and artistic aspirations. The oceanic depths remain  one of the least explored frontiers on Earth, housing a diverse array of marine life that  thrives in extreme conditions of pressure and darkness. The Internet has revolutionized  communication, connecting people from all corners of the globe and making information  accessible to anyone with a computer or a smartphone. Exploring the vastness of space  has always been a dream for humanity, driving us to develop new technologies and push the boundaries  of what is scientifically possible. In the heart of the bustling city, amidst the cacophony of  traffic and the endless sea of people, there lies a hidden park that offers a sanctuary of  peace and tranquility. Renewable energy technologies, such as solar panels and wind turbines,  have seen dramatic improvements in efficiency and cost-effectiveness in recent years.  Globalization has interconnected the world in unprecedented ways,  facilitating the exchange of goods, services, and ideas across international borders.  Climate change represents one of the most significant challenges of our time,  requiring global cooperation and immediate action to mitigate its devastating effects  on our planet's ecosystem. Art and music have the power to evoke deep emotions,  transcend cultural barriers, and bring people together in a shared experience  of beauty and artistic expression. The Internet has revolutionized communication,  connecting people from all corners of the globe and making information accessible to anyone with  a computer or a smartphone. Reading books is a timeless activity that expands our knowledge,  improves vocabulary, and transports us to different worlds, fostering creativity and  empathy in readers of all ages. The rapid advancement of artificial  intelligence has transformed industries, allowing for automation and efficiency that  was previously unimaginable in the modern world of technology and innovation."
2026-01-12 18:35:42,WhisperX,173.856,81.764,0.47,0.0044,0.0026,3.2,3283.92,"Globalization has interconnected the world in unprecedented ways, facilitating the exchange of goods, services, and ideas across international borders. Sustainable energy sources such as solar and wind power are becoming increasingly important as we strive to reduce our carbon footprint and preserve the environment for future generations. The history of civilization is filled with stories of triumph and tragedy, teaching us valuable lessons about resilience, culture, and the enduring spirit of the human race. The history of civilization is filled with stories of triumph and tragedy, teaching us valuable lessons about resilience, culture, and the enduring spirit of the human race. The rapid advancement of artificial intelligence has transformed industries, allowing for automation and efficiency that was previously unimaginable in the modern world of technology and innovation. The history of civilization is filled with stories of triumph and tragedy, teaching us valuable lessons about resilience, culture, and the enduring spirit of the human race. Throughout history, architecture has served as a reflection of society's values, technological advancements, and artistic aspirations. The oceanic depths remain one of the least explored frontiers on Earth, housing a diverse array of marine life that thrives in extreme conditions of pressure and darkness. The internet has revolutionized communication, connecting people from all corners of the globe and making information accessible to anyone with a computer or a smartphone. Exploring the vastness of space has always been a dream for humanity, driving us to develop new technologies and push the boundaries of what is scientifically possible. In the heart of the bustling city, amidst the cacophony of traffic and the endless sea of people, there lies a hidden park that offers a sanctuary of peace and tranquility. Renewable energy technologies, such as solar panels and wind turbines, have seen dramatic improvements in efficiency and cost-effectiveness in recent years. Globalization has interconnected the world in unprecedented ways, facilitating the exchange of goods, services, and ideas across international borders. Climate change represents one of the most significant challenges of our time, requiring global cooperation and immediate action to mitigate its devastating effects on our planet's ecosystem. Art and music have the power to evoke deep emotions, transcend cultural barriers, and bring people together in a shared experience of beauty and artistic expression. The internet has revolutionized communication, connecting people from all corners of the globe and making information accessible to anyone with a computer or a smartphone. Reading books is a timeless activity that expands our knowledge, improves vocabulary, and transports us to different worlds, fostering creativity and empathy in readers of all ages. The rapid advancement of artificial intelligence has transformed industries, allowing for automation and efficiency that was previously unimaginable in the modern world of technology and innovation.","Globalization has interconnected the world in unprecedented ways, facilitating the exchange of goods, services, and ideas across international borders. Sustainable energy sources such as solar and wind power are becoming increasingly important as we strive to reduce our carbon footprint and preserve the environment for future generations. The history of civilization is filled with stories of triumph and tragedy, teaching us valuable lessons about resilience, culture, and the enduring spirit of the human race.  The history of civilization is filled with stories of triumph and tragedy, teaching us valuable lessons about resilience, culture, and the enduring spirit of the human race. The rapid advancement of artificial intelligence has transformed industries, allowing for automation and efficiency that was previously unimaginable in the modern world of technology and innovation. The history of civilization is filled with stories of triumph and tragedy, teaching us valuable lessons about resilience, culture, and the enduring spirit of the human race.  Throughout history, architecture has served as a reflection of society's values, technological advancements, and artistic aspirations. The oceanic depths remain one of the least explored frontiers on Earth, housing a diverse array of marine life that thrives in extreme conditions of pressure and darkness. The Internet has revolutionized communication, connecting people from all corners of the globe and making information accessible to anyone with a computer or a smartphone.  Exploring the vastness of space has always been a dream for humanity, driving us to develop new technologies and push the boundaries of what is scientifically possible. In the heart of the bustling city, amidst the cacophony of traffic and the endless sea of people, there lies a hidden park that offers a sanctuary of peace and tranquility. Renewable energy technologies, such as solar panels and wind turbines, have seen dramatic improvements in efficiency and cost-effectiveness in recent years.  Globalization has interconnected the world in unprecedented ways, facilitating the exchange of goods, services, and ideas across international borders. Climate change represents one of the most significant challenges of our time, requiring global cooperation and immediate action to mitigate its devastating effects on our planet's ecosystem.  Art and music have the power to evoke deep emotions, transcend cultural barriers, and bring people together in a shared experience of beauty and artistic expression. The Internet has revolutionized communication, connecting people from all corners of the globe and making information accessible to anyone with a computer or a smartphone. Reading books is a timeless activity that expands our knowledge, improves vocabulary, and transports us to different worlds, fostering creativity and empathy in readers of all ages.  The rapid advancement of artificial intelligence has transformed industries, allowing for automation and efficiency that was previously unimaginable in the modern world of technology and innovation."
2026-01-12 18:36:38,whisper.cpp,173.857,21.799,0.125,0.6527,0.5331,0.0,2498.7,"Globalization has interconnected the world in unprecedented ways, facilitating the exchange of goods, services, and ideas across international borders. Sustainable energy sources such as solar and wind power are becoming increasingly important as we strive to reduce our carbon footprint and preserve the environment for future generations. The history of civilization is filled with stories of triumph and tragedy, teaching us valuable lessons about resilience, culture, and the enduring spirit of the human race. The history of civilization is filled with stories of triumph and tragedy, teaching us valuable lessons about resilience, culture, and the enduring spirit of the human race. The rapid advancement of artificial intelligence has transformed industries, allowing for automation and efficiency that was previously unimaginable in the modern world of technology and innovation. The history of civilization is filled with stories of triumph and tragedy, teaching us valuable lessons about resilience, culture, and the enduring spirit of the human race. Throughout history, architecture has served as a reflection of society's values, technological advancements, and artistic aspirations. The oceanic depths remain one of the least explored frontiers on Earth, housing a diverse array of marine life that thrives in extreme conditions of pressure and darkness. The internet has revolutionized communication, connecting people from all corners of the globe and making information accessible to anyone with a computer or a smartphone. Exploring the vastness of space has always been a dream for humanity, driving us to develop new technologies and push the boundaries of what is scientifically possible. In the heart of the bustling city, amidst the cacophony of traffic and the endless sea of people, there lies a hidden park that offers a sanctuary of peace and tranquility. Renewable energy technologies, such as solar panels and wind turbines, have seen dramatic improvements in efficiency and cost-effectiveness in recent years. Globalization has interconnected the world in unprecedented ways, facilitating the exchange of goods, services, and ideas across international borders. Climate change represents one of the most significant challenges of our time, requiring global cooperation and immediate action to mitigate its devastating effects on our planet's ecosystem. Art and music have the power to evoke deep emotions, transcend cultural barriers, and bring people together in a shared experience of beauty and artistic expression. The internet has revolutionized communication, connecting people from all corners of the globe and making information accessible to anyone with a computer or a smartphone. Reading books is a timeless activity that expands our knowledge, improves vocabulary, and transports us to different worlds, fostering creativity and empathy in readers of all ages. The rapid advancement of artificial intelligence has transformed industries, allowing for automation and efficiency that was previously unimaginable in the modern world of technology and innovation.","Globalization has interconnected the world in unprecedented ways, facilitating the exchange of goods, services, and ideas across international borders. Sustainable energy sources such as solar and wind power are becoming increasingly important as we strive to reduce our carbon footprint and preserve the environment for future generations. The history of civilization is filled with stories of triumph and tragedy, teaching us valuable lessons about resilience, culture, and the enduring spirit of the human race. The rapid advancement of artificial intelligence has transformed industries, allowing for automation and efficiency that was previously unimaginable in the modern world of technology and innovation. The history of civilization is filled with stories of triumph and tragedy, teaching us valuable lessons about resilience, culture, and the enduring spirit of the human race. The history of civilization is filled with stories of triumph and tragedy, teaching us valuable lessons about resilience, culture, and the enduring spirit of the human race. The history of civilization is filled with stories of triumph and tragedy, teaching us valuable lessons about resilience, culture, and the enduring spirit of the human race. The history of civilization is filled with stories of triumph and tragedy, teaching us valuable lessons about resilience, culture, and the enduring spirit of the human race. The history of civilization is filled with stories of triumph and tragedy, teaching us valuable lessons about resilience, culture, and the enduring spirit of the human race. The history of civilization is filled with stories of triumph and tragedy, teaching us valuable lessons about resilience, culture, and the enduring spirit of the human race. The history of civilization is filled with stories of triumph and tragedy, teaching us valuable lessons about resilience, culture, and the enduring spirit of the human race."
